instance_number,trial_1,trial_2,trial_3,trial_4,trial_5,trial_6,trial_7,Nv,C,num_customers
1,31.735919064533565,26.18171474023014,21.744507599752176,21.744507599752176,21.744507599752176,21.744507599752176,21.744507599752176,2,5,3
2,31.735919064533565,26.18171474023014,26.18171474023014,26.18171474023014,26.18171474023014,26.18171474023014,26.18171474023014,2,2,3
3,65.09594405954596,49.49881664939163,49.49881664939163,49.49881664939163,49.49881664939163,49.49881664939163,49.49881664939163,3,2,6
4,118.46500117443838,76.12931972734353,58.178337210664054,58.178337210664054,58.423368860918025,58.423368860918025,58.423368860918025,4,3,12
5,212.40892263981016,128.967865139565,101.59191749760316,86.7543888771616,86.50058208502303,86.50058208502303,86.50058208502303,5,4,20
6,314.11564845693465,192.96956287000629,145.671276512908,124.66976114933172,108.48473413259322,108.48473413259322,106.27385662337622,5,5,25
